Dragon Ball Super Characters,"Dragon Ball Super Characters,"
Son Goku,"Son Goku,"
Bulma,"Bulma,"
Kame-Sennin,"Kame-Sennin,"
Yamcha,"Yamcha,"
Kuririn,"Kuririn,"
Tenshinhan,"Tenshinhan,"
Piccolo,"Piccolo,"
Son Gohan,"Son Gohan,"
Vegeta,"Vegeta,"
Trunks,"Trunks,"
Son Goten,"Son Goten,"
Pan,"Pan,"
Android 18,"Android 18,"
Beerus,"Beerus,"
Chaozu,"Chaozu,"
Chi-Chi,"Chi-Chi,"
Lunch,"Lunch,"
Mr. Satan,"Mr. Satan,"
Oolong,"Oolong,"
Pu'ar,"Pu'ar,"
Videl,"Videl,"
Whis,"Whis,"
Yajirobe,"Yajirobe,"
Zen_,"Zen_,"
Piccolo Daimao,"Piccolo Daimao,"
Freeza,"Freeza,"
Cell,"Cell,"
Majin Boo,"Majin Boo,"
Goku Black / Zamasu,"Goku Black / Zamasu,"
Android 16,"Android 16,"
Android 17,"Android 17,"
Arale Norimaki,"Arale Norimaki,"
Baba Uranai,"Baba Uranai,"
Bobbidi,"Bobbidi,"
Bra,"Bra,"
Burdock,"Burdock,"
Champa,"Champa,"
Dende,"Dende,"
Dr. Briefs,"Dr. Briefs,"
Doctor Gero,"Doctor Gero,"
Ginyu Force,"Ginyu Force,"
Grandpa Son Gohan,"Grandpa Son Gohan,"
Jaco,"Jaco,"
Kai_-sama,"Kai_-sama,"
Kai_-shin,"Kai_-shin,"
Kami,"Kami,"
Karin,"Karin,"
Mr. Popo,"Mr. Popo,"
Nappa,"Nappa,"
Oob,"Oob,"
Pilaf,"Pilaf,"
Raditz,"Raditz,"
Red Ribbon Army,"Red Ribbon Army,"
Shenlong,"Shenlong,"
Sorbet,"Sorbet,"
Taopaipai,"Taopaipai,"
Vados,"Vados,"